Date,Name,Year,Letterboxd URI
2022-04-21,Back to the Future,1985,https://boxd.it/2b8e
2022-04-21,Donnie Darko,2001,https://boxd.it/2b2A
2022-04-21,The Perks of Being a Wallflower,2012,https://boxd.it/2ZA8
2022-04-21,Sonic the Hedgehog,2020,https://boxd.it/gdK8
2022-04-21,Chicken Little,2005,https://boxd.it/1Xnu
2022-04-21,Meet the Robinsons,2007,https://boxd.it/28Ym
2022-04-21,Videodrome,1983,https://boxd.it/29uC
2022-04-22,Diary of a Wimpy Kid: Rodrick Rules,2011,https://boxd.it/gm2
2022-04-25,Stand by Me,1986,https://boxd.it/2aOe
2022-04-28,Deadpool,2016,https://boxd.it/9fOC
2022-04-29,Bo Burnham: Inside,2021,https://boxd.it/v2uy
2022-04-29,A Goofy Movie,1995,https://boxd.it/1Lwu
2022-05-11,Moon Knight,2022,https://boxd.it/zeDq
2026-03-15,Project Hail Mary,2026,https://boxd.it/pEeQ
