Date,Content
2022-04-21,https://boxd.it/2LXAnR
2022-06-22,https://boxd.it/2Wax4t
2022-06-22,https://boxd.it/2VTMJx
2022-07-09,https://boxd.it/2X4SBb
2022-07-11,https://boxd.it/1EIQWd
2022-07-12,https://boxd.it/300mlp
2022-07-16,https://boxd.it/2WuFcZ
2022-07-16,https://boxd.it/2X4dfD
2023-01-05,https://boxd.it/3Aa40n
2023-01-15,https://boxd.it/3xuzuL
2025-11-29,https://boxd.it/bM7jqh
2025-11-30,https://boxd.it/bSLq7Z
2026-03-14,https://boxd.it/dvjcXP
2026-03-14,https://boxd.it/33ELmJ
2026-03-20,https://boxd.it/dAQfgF
2026-03-22,https://boxd.it/dCgrK9
2026-03-23,https://boxd.it/dDw5cv
2026-04-01,https://boxd.it/dLdy4f
2026-04-04,https://boxd.it/dONCch
2026-04-06,https://boxd.it/dMqFo7
2026-04-11,https://boxd.it/dUYzgr
2026-05-19,https://boxd.it/16Brmp
2026-05-19,https://boxd.it/bartTB
2026-05-23,https://boxd.it/elLZQH
2026-05-25,https://boxd.it/esQ8cx
2026-06-08,https://boxd.it/eGsoPj
2026-06-08,https://boxd.it/ekBROT
2026-07-12,https://boxd.it/ehls8T
2026-07-19,https://boxd.it/dak8ll
2026-07-23,https://boxd.it/fmQkT3
2026-07-23,https://boxd.it/3LSnfX
2026-07-26,https://boxd.it/fd3AKn
2026-07-29,https://boxd.it/fv7jfR
2026-08-01,https://boxd.it/4f1AQr
2026-08-05,https://boxd.it/fuBFYl
2026-08-05,https://boxd.it/fuyjKF
2026-08-08,https://boxd.it/fz3HkJ
2026-08-11,https://boxd.it/fDmoLb
2026-08-11,https://boxd.it/daAE8F
2026-08-17,https://boxd.it/eIuXUF
2026-08-22,https://boxd.it/fwtjxf
2026-08-31,https://boxd.it/fNhFmR
